time,Open,High,Low,Close,Volume
2010-01-01,1000.0,1001.0,999.0,1000.2,1000000
2010-01-02,1000.1,1001.1,999.1,1000.3000000000001,1001000
2010-01-03,1000.2,1001.2,999.2,1000.4000000000001,1002000
2010-01-04,1000.3,1001.3,999.3,1000.5,1003000
2010-01-05,1000.4,1001.4,999.4,1000.6,1004000
2010-01-06,1000.5,1001.5,999.5,1000.7,1005000
2010-01-07,1000.6,1001.6,999.6,1000.8000000000001,1006000
2010-01-08,1000.7,1001.7,999.7,1000.9000000000001,1007000
2010-01-09,1000.8,1001.8,999.8,1001.0,1008000
2010-01-10,1000.9,1001.9,999.9,1001.1,1009000
2010-01-11,1001.0,1002.0,1000.0,1001.2,1010000
2010-01-12,1001.1,1002.1,1000.1,1001.3000000000001,1011000
2010-01-13,1001.2,1002.2,1000.2,1001.4000000000001,1012000
2010-01-14,1001.3,1002.3,1000.3,1001.5,1013000
2010-01-15,1001.4,1002.4,1000.4,1001.6,1014000
2010-01-16,1001.5,1002.5,1000.5,1001.7,1015000
2010-01-17,1001.6,1002.6,1000.6,1001.8000000000001,1016000
2010-01-18,1001.7,1002.7,1000.7,1001.9000000000001,1017000
2010-01-19,1001.8,1002.8,1000.8,1002.0,1018000
2010-01-20,1001.9,1002.9,1000.9,1002.1,1019000
2010-01-21,1002.0,1003.0,1001.0,1002.2,1020000
2010-01-22,1002.1,1003.1,1001.1,1002.3000000000001,1021000
2010-01-23,1002.2,1003.2,1001.2,1002.4000000000001,1022000
2010-01-24,1002.3,1003.3,1001.3,1002.5,1023000
2010-01-25,1002.4,1003.4,1001.4,1002.6,1024000
2010-01-26,1002.5,1003.5,1001.5,1002.7,1025000
2010-01-27,1002.6,1003.6,1001.6,1002.8000000000001,1026000
2010-01-28,1002.7,1003.7,1001.7,1002.9000000000001,1027000
2010-01-29,1002.8,1003.8,1001.8,1003.0,1028000
2010-01-30,1002.9,1003.9,1001.9,1003.1,1029000
2010-01-31,1003.0,1004.0,1002.0,1003.2,1030000
2010-02-01,1003.1,1004.1,1002.1,1003.3000000000001,1031000
2010-02-02,1003.2,1004.2,1002.2,1003.4000000000001,1032000
2010-02-03,1003.3,1004.3,1002.3,1003.5,1033000
2010-02-04,1003.4,1004.4,1002.4,1003.6,1034000
2010-02-05,1003.5,1004.5,1002.5,1003.7,1035000
2010-02-06,1003.6,1004.6,1002.6,1003.8000000000001,1036000
2010-02-07,1003.7,1004.7,1002.7,1003.9000000000001,1037000
2010-02-08,1003.8,1004.8,1002.8,1004.0,1038000
2010-02-09,1003.9,1004.9,1002.9,1004.1,1039000
2010-02-10,1004.0,1005.0,1003.0,1004.2,1040000
2010-02-11,1004.1,1005.1,1003.1,1004.3000000000001,1041000
2010-02-12,1004.2,1005.2,1003.2,1004.4000000000001,1042000
2010-02-13,1004.3,1005.3,1003.3,1004.5,1043000
2010-02-14,1004.4,1005.4,1003.4,1004.6,1044000
2010-02-15,1004.5,1005.5,1003.5,1004.7,1045000
2010-02-16,1004.6,1005.6,1003.6,1004.8000000000001,1046000
2010-02-17,1004.7,1005.7,1003.7,1004.9000000000001,1047000
2010-02-18,1004.8,1005.8,1003.8,1005.0,1048000
2010-02-19,1004.9,1005.9,1003.9,1005.1,1049000
2010-02-20,1005.0,1006.0,1004.0,1005.2,1000000
2010-02-21,1005.1,1006.1,1004.1,1005.3000000000001,1001000
2010-02-22,1005.2,1006.2,1004.2,1005.4000000000001,1002000
2010-02-23,1005.3,1006.3,1004.3,1005.5,1003000
2010-02-24,1005.4,1006.4,1004.4,1005.6,1004000
2010-02-25,1005.5,1006.5,1004.5,1005.7,1005000
2010-02-26,1005.6,1006.6,1004.6,1005.8000000000001,1006000
2010-02-27,1005.7,1006.7,1004.7,1005.9000000000001,1007000
2010-02-28,1005.8,1006.8,1004.8,1006.0,1008000
2010-03-01,1005.9,1006.9,1004.9,1006.1,1009000
2010-03-02,1006.0,1007.0,1005.0,1006.2,1010000
2010-03-03,1006.1,1007.1,1005.1,1006.3000000000001,1011000
2010-03-04,1006.2,1007.2,1005.2,1006.4000000000001,1012000
2010-03-05,1006.3,1007.3,1005.3,1006.5,1013000
2010-03-06,1006.4,1007.4,1005.4,1006.6,1014000
2010-03-07,1006.5,1007.5,1005.5,1006.7,1015000
2010-03-08,1006.6,1007.6,1005.6,1006.8000000000001,1016000
2010-03-09,1006.7,1007.7,1005.7,1006.9000000000001,1017000
2010-03-10,1006.8,1007.8,1005.8,1007.0,1018000
2010-03-11,1006.9,1007.9,1005.9,1007.1,1019000
2010-03-12,1007.0,1008.0,1006.0,1007.2,1020000
2010-03-13,1007.1,1008.1,1006.1,1007.3000000000001,1021000
2010-03-14,1007.2,1008.2,1006.2,1007.4000000000001,1022000
2010-03-15,1007.3,1008.3,1006.3,1007.5,1023000
2010-03-16,1007.4,1008.4,1006.4,1007.6,1024000
2010-03-17,1007.5,1008.5,1006.5,1007.7,1025000
2010-03-18,1007.6,1008.6,1006.6,1007.8000000000001,1026000
2010-03-19,1007.7,1008.7,1006.7,1007.9000000000001,1027000
2010-03-20,1007.8,1008.8,1006.8,1008.0,1028000
2010-03-21,1007.9,1008.9,1006.9,1008.1,1029000
2010-03-22,1008.0,1009.0,1007.0,1008.2,1030000
2010-03-23,1008.1,1009.1,1007.1,1008.3000000000001,1031000
2010-03-24,1008.2,1009.2,1007.2,1008.4000000000001,1032000
2010-03-25,1008.3,1009.3,1007.3,1008.5,1033000
2010-03-26,1008.4,1009.4,1007.4,1008.6,1034000
2010-03-27,1008.5,1009.5,1007.5,1008.7,1035000
2010-03-28,1008.6,1009.6,1007.6,1008.8000000000001,1036000
2010-03-29,1008.7,1009.7,1007.7,1008.9000000000001,1037000
2010-03-30,1008.8,1009.8,1007.8,1009.0,1038000
2010-03-31,1008.9,1009.9,1007.9,1009.1,1039000
2010-04-01,1009.0,1010.0,1008.0,1009.2,1040000
2010-04-02,1009.1,1010.1,1008.1,1009.3000000000001,1041000
2010-04-03,1009.2,1010.2,1008.2,1009.4000000000001,1042000
2010-04-04,1009.3,1010.3,1008.3,1009.5,1043000
2010-04-05,1009.4,1010.4,1008.4,1009.6,1044000
2010-04-06,1009.5,1010.5,1008.5,1009.7,1045000
2010-04-07,1009.6,1010.6,1008.6,1009.8000000000001,1046000
2010-04-08,1009.7,1010.7,1008.7,1009.9000000000001,1047000
2010-04-09,1009.8,1010.8,1008.8,1010.0,1048000
2010-04-10,1009.9,1010.9,1008.9,1010.1,1049000
2010-04-11,1010.0,1011.0,1009.0,1010.2,1000000
2010-04-12,1010.1,1011.1,1009.1,1010.3000000000001,1001000
2010-04-13,1010.2,1011.2,1009.2,1010.4000000000001,1002000
2010-04-14,1010.3,1011.3,1009.3,1010.5,1003000
2010-04-15,1010.4,1011.4,1009.4,1010.6,1004000
2010-04-16,1010.5,1011.5,1009.5,1010.7,1005000
2010-04-17,1010.6,1011.6,1009.6,1010.8000000000001,1006000
2010-04-18,1010.7,1011.7,1009.7,1010.9000000000001,1007000
2010-04-19,1010.8,1011.8,1009.8,1011.0,1008000
2010-04-20,1010.9,1011.9,1009.9,1011.1,1009000
2010-04-21,1011.0,1012.0,1010.0,1011.2,1010000
2010-04-22,1011.1,1012.1,1010.1,1011.3000000000001,1011000
2010-04-23,1011.2,1012.2,1010.2,1011.4000000000001,1012000
2010-04-24,1011.3,1012.3,1010.3,1011.5,1013000
2010-04-25,1011.4,1012.4,1010.4,1011.6,1014000
2010-04-26,1011.5,1012.5,1010.5,1011.7,1015000
2010-04-27,1011.6,1012.6,1010.6,1011.8000000000001,1016000
2010-04-28,1011.7,1012.7,1010.7,1011.9000000000001,1017000
2010-04-29,1011.8,1012.8,1010.8,1012.0,1018000
2010-04-30,1011.9,1012.9,1010.9,1012.1,1019000
2010-05-01,1012.0,1013.0,1011.0,1012.2,1020000
2010-05-02,1012.1,1013.1,1011.1,1012.3000000000001,1021000
2010-05-03,1012.2,1013.2,1011.2,1012.4000000000001,1022000
2010-05-04,1012.3,1013.3,1011.3,1012.5,1023000
2010-05-05,1012.4,1013.4,1011.4,1012.6,1024000
2010-05-06,1012.5,1013.5,1011.5,1012.7,1025000
2010-05-07,1012.6,1013.6,1011.6,1012.8000000000001,1026000
2010-05-08,1012.7,1013.7,1011.7,1012.9000000000001,1027000
2010-05-09,1012.8,1013.8,1011.8,1013.0,1028000
2010-05-10,1012.9,1013.9,1011.9,1013.1,1029000
2010-05-11,1013.0,1014.0,1012.0,1013.2,1030000
2010-05-12,1013.1,1014.1,1012.1,1013.3000000000001,1031000
2010-05-13,1013.2,1014.2,1012.2,1013.4000000000001,1032000
2010-05-14,1013.3,1014.3,1012.3,1013.5,1033000
2010-05-15,1013.4,1014.4,1012.4,1013.6,1034000
2010-05-16,1013.5,1014.5,1012.5,1013.7,1035000
2010-05-17,1013.6,1014.6,1012.6,1013.8000000000001,1036000
2010-05-18,1013.7,1014.7,1012.7,1013.9000000000001,1037000
2010-05-19,1013.8,1014.8,1012.8,1014.0,1038000
2010-05-20,1013.9,1014.9,1012.9,1014.1,1039000
2010-05-21,1014.0,1015.0,1013.0,1014.2,1040000
2010-05-22,1014.1,1015.1,1013.1,1014.3000000000001,1041000
2010-05-23,1014.2,1015.2,1013.2,1014.4000000000001,1042000
2010-05-24,1014.3,1015.3,1013.3,1014.5,1043000
2010-05-25,1014.4,1015.4,1013.4,1014.6,1044000
2010-05-26,1014.5,1015.5,1013.5,1014.7,1045000
2010-05-27,1014.6,1015.6,1013.6,1014.8000000000001,1046000
2010-05-28,1014.7,1015.7,1013.7,1014.9000000000001,1047000
2010-05-29,1014.8,1015.8,1013.8,1015.0,1048000
2010-05-30,1014.9,1015.9,1013.9,1015.1,1049000
2010-05-31,1015.0,1016.0,1014.0,1015.2,1000000
2010-06-01,1015.1,1016.1,1014.1,1015.3000000000001,1001000
2010-06-02,1015.2,1016.2,1014.2,1015.4000000000001,1002000
2010-06-03,1015.3,1016.3,1014.3,1015.5,1003000
2010-06-04,1015.4,1016.4,1014.4,1015.6,1004000
2010-06-05,1015.5,1016.5,1014.5,1015.7,1005000
2010-06-06,1015.6,1016.6,1014.6,1015.8000000000001,1006000
2010-06-07,1015.7,1016.7,1014.7,1015.9000000000001,1007000
2010-06-08,1015.8,1016.8,1014.8,1016.0,1008000
2010-06-09,1015.9,1016.9,1014.9,1016.1,1009000
2010-06-10,1016.0,1017.0,1015.0,1016.2,1010000
2010-06-11,1016.1,1017.1,1015.1,1016.3000000000001,1011000
2010-06-12,1016.2,1017.2,1015.2,1016.4000000000001,1012000
2010-06-13,1016.3,1017.3,1015.3,1016.5,1013000
2010-06-14,1016.4,1017.4,1015.4,1016.6,1014000
2010-06-15,1016.5,1017.5,1015.5,1016.7,1015000
2010-06-16,1016.6,1017.6,1015.6,1016.8000000000001,1016000
2010-06-17,1016.7,1017.7,1015.7,1016.9000000000001,1017000
2010-06-18,1016.8,1017.8,1015.8,1017.0,1018000
2010-06-19,1016.9,1017.9,1015.9,1017.1,1019000
2010-06-20,1017.0,1018.0,1016.0,1017.2,1020000
2010-06-21,1017.1,1018.1,1016.1,1017.3000000000001,1021000
2010-06-22,1017.2,1018.2,1016.2,1017.4000000000001,1022000
2010-06-23,1017.3,1018.3,1016.3,1017.5,1023000
2010-06-24,1017.4,1018.4,1016.4,1017.6,1024000
2010-06-25,1017.5,1018.5,1016.5,1017.7,1025000
2010-06-26,1017.6,1018.6,1016.6,1017.8000000000001,1026000
2010-06-27,1017.7,1018.7,1016.7,1017.9000000000001,1027000
2010-06-28,1017.8,1018.8,1016.8,1018.0,1028000
2010-06-29,1017.9,1018.9,1016.9,1018.1,1029000
2010-06-30,1018.0,1019.0,1017.0,1018.2,1030000
2010-07-01,1018.1,1019.1,1017.1,1018.3000000000001,1031000
2010-07-02,1018.2,1019.2,1017.2,1018.4000000000001,1032000
2010-07-03,1018.3,1019.3,1017.3,1018.5,1033000
2010-07-04,1018.4,1019.4,1017.4,1018.6,1034000
2010-07-05,1018.5,1019.5,1017.5,1018.7,1035000
2010-07-06,1018.6,1019.6,1017.6,1018.8000000000001,1036000
2010-07-07,1018.7,1019.7,1017.7,1018.9000000000001,1037000
2010-07-08,1018.8,1019.8,1017.8,1019.0,1038000
2010-07-09,1018.9,1019.9,1017.9,1019.1,1039000
2010-07-10,1019.0,1020.0,1018.0,1019.2,1040000
2010-07-11,1019.1,1020.1,1018.1,1019.3000000000001,1041000
2010-07-12,1019.2,1020.2,1018.2,1019.4000000000001,1042000
2010-07-13,1019.3,1020.3,1018.3,1019.5,1043000
2010-07-14,1019.4,1020.4,1018.4,1019.6,1044000
2010-07-15,1019.5,1020.5,1018.5,1019.7,1045000
2010-07-16,1019.6,1020.6,1018.6,1019.8000000000001,1046000
2010-07-17,1019.7,1020.7,1018.7,1019.9000000000001,1047000
2010-07-18,1019.8,1020.8,1018.8,1020.0,1048000
2010-07-19,1019.9,1020.9,1018.9,1020.1,1049000
2010-07-20,1020.0,1021.0,1019.0,1020.2,1000000
2010-07-21,1020.1,1021.1,1019.1,1020.3000000000001,1001000
2010-07-22,1020.2,1021.2,1019.2,1020.4000000000001,1002000
2010-07-23,1020.3,1021.3,1019.3,1020.5,1003000
2010-07-24,1020.4,1021.4,1019.4,1020.6,1004000
2010-07-25,1020.5,1021.5,1019.5,1020.7,1005000
2010-07-26,1020.6,1021.6,1019.6,1020.8000000000001,1006000
2010-07-27,1020.7,1021.7,1019.7,1020.9000000000001,1007000
2010-07-28,1020.8,1021.8,1019.8,1021.0,1008000
2010-07-29,1020.9,1021.9,1019.9,1021.1,1009000
2010-07-30,1021.0,1022.0,1020.0,1021.2,1010000
2010-07-31,1021.1,1022.1,1020.1,1021.3000000000001,1011000
2010-08-01,1021.2,1022.2,1020.2,1021.4000000000001,1012000
2010-08-02,1021.3,1022.3,1020.3,1021.5,1013000
2010-08-03,1021.4,1022.4,1020.4,1021.6,1014000
2010-08-04,1021.5,1022.5,1020.5,1021.7,1015000
2010-08-05,1021.6,1022.6,1020.6,1021.8000000000001,1016000
2010-08-06,1021.7,1022.7,1020.7,1021.9000000000001,1017000
2010-08-07,1021.8,1022.8,1020.8,1022.0,1018000
2010-08-08,1021.9,1022.9,1020.9,1022.1,1019000
2010-08-09,1022.0,1023.0,1021.0,1022.2,1020000
2010-08-10,1022.1,1023.1,1021.1,1022.3000000000001,1021000
2010-08-11,1022.2,1023.2,1021.2,1022.4000000000001,1022000
2010-08-12,1022.3,1023.3,1021.3,1022.5,1023000
2010-08-13,1022.4,1023.4,1021.4,1022.6,1024000
2010-08-14,1022.5,1023.5,1021.5,1022.7,1025000
2010-08-15,1022.6,1023.6,1021.6,1022.8000000000001,1026000
2010-08-16,1022.7,1023.7,1021.7,1022.9000000000001,1027000
2010-08-17,1022.8,1023.8,1021.8,1023.0,1028000
2010-08-18,1022.9,1023.9,1021.9,1023.1,1029000
2010-08-19,1023.0,1024.0,1022.0,1023.2,1030000
2010-08-20,1023.1,1024.1,1022.1,1023.3000000000001,1031000
2010-08-21,1023.2,1024.2,1022.2,1023.4000000000001,1032000
2010-08-22,1023.3,1024.3,1022.3,1023.5,1033000
2010-08-23,1023.4,1024.4,1022.4,1023.6,1034000
2010-08-24,1023.5,1024.5,1022.5,1023.7,1035000
2010-08-25,1023.6,1024.6,1022.6,1023.8000000000001,1036000
2010-08-26,1023.7,1024.7,1022.7,1023.9000000000001,1037000
2010-08-27,1023.8,1024.8,1022.8,1024.0,1038000
2010-08-28,1023.9,1024.9,1022.9,1024.1,1039000
2010-08-29,1024.0,1025.0,1023.0,1024.2,1040000
2010-08-30,1024.1,1025.1,1023.0999999999999,1024.3,1041000
2010-08-31,1024.2,1025.2,1023.2,1024.4,1042000
2010-09-01,1024.3,1025.3,1023.3,1024.5,1043000
2010-09-02,1024.4,1025.4,1023.4000000000001,1024.6000000000001,1044000
2010-09-03,1024.5,1025.5,1023.5,1024.7,1045000
2010-09-04,1024.6,1025.6,1023.5999999999999,1024.8,1046000
2010-09-05,1024.7,1025.7,1023.7,1024.9,1047000
2010-09-06,1024.8,1025.8,1023.8,1025.0,1048000
2010-09-07,1024.9,1025.9,1023.9000000000001,1025.1000000000001,1049000
2010-09-08,1025.0,1026.0,1024.0,1025.2,1000000
2010-09-09,1025.1,1026.1,1024.1,1025.3,1001000
2010-09-10,1025.2,1026.2,1024.2,1025.4,1002000
2010-09-11,1025.3,1026.3,1024.3,1025.5,1003000
2010-09-12,1025.4,1026.4,1024.4,1025.6000000000001,1004000
2010-09-13,1025.5,1026.5,1024.5,1025.7,1005000
2010-09-14,1025.6,1026.6,1024.6,1025.8,1006000
2010-09-15,1025.7,1026.7,1024.7,1025.9,1007000
2010-09-16,1025.8,1026.8,1024.8,1026.0,1008000
2010-09-17,1025.9,1026.9,1024.9,1026.1000000000001,1009000
2010-09-18,1026.0,1027.0,1025.0,1026.2,1010000
2010-09-19,1026.1,1027.1,1025.1,1026.3,1011000
2010-09-20,1026.2,1027.2,1025.2,1026.4,1012000
2010-09-21,1026.3,1027.3,1025.3,1026.5,1013000
2010-09-22,1026.4,1027.4,1025.4,1026.6000000000001,1014000
2010-09-23,1026.5,1027.5,1025.5,1026.7,1015000
2010-09-24,1026.6,1027.6,1025.6,1026.8,1016000
2010-09-25,1026.7,1027.7,1025.7,1026.9,1017000
2010-09-26,1026.8,1027.8,1025.8,1027.0,1018000
2010-09-27,1026.9,1027.9,1025.9,1027.1000000000001,1019000
2010-09-28,1027.0,1028.0,1026.0,1027.2,1020000
2010-09-29,1027.1,1028.1,1026.1,1027.3,1021000
2010-09-30,1027.2,1028.2,1026.2,1027.4,1022000
2010-10-01,1027.3,1028.3,1026.3,1027.5,1023000
2010-10-02,1027.4,1028.4,1026.4,1027.6000000000001,1024000
2010-10-03,1027.5,1028.5,1026.5,1027.7,1025000
2010-10-04,1027.6,1028.6,1026.6,1027.8,1026000
2010-10-05,1027.7,1028.7,1026.7,1027.9,1027000
2010-10-06,1027.8,1028.8,1026.8,1028.0,1028000
2010-10-07,1027.9,1028.9,1026.9,1028.1000000000001,1029000
2010-10-08,1028.0,1029.0,1027.0,1028.2,1030000
2010-10-09,1028.1,1029.1,1027.1,1028.3,1031000
2010-10-10,1028.2,1029.2,1027.2,1028.4,1032000
2010-10-11,1028.3,1029.3,1027.3,1028.5,1033000
2010-10-12,1028.4,1029.4,1027.4,1028.6000000000001,1034000
2010-10-13,1028.5,1029.5,1027.5,1028.7,1035000
2010-10-14,1028.6,1029.6,1027.6,1028.8,1036000
2010-10-15,1028.7,1029.7,1027.7,1028.9,1037000
2010-10-16,1028.8,1029.8,1027.8,1029.0,1038000
2010-10-17,1028.9,1029.9,1027.9,1029.1000000000001,1039000
2010-10-18,1029.0,1030.0,1028.0,1029.2,1040000
2010-10-19,1029.1,1030.1,1028.1,1029.3,1041000
2010-10-20,1029.2,1030.2,1028.2,1029.4,1042000
2010-10-21,1029.3,1030.3,1028.3,1029.5,1043000
2010-10-22,1029.4,1030.4,1028.4,1029.6000000000001,1044000
2010-10-23,1029.5,1030.5,1028.5,1029.7,1045000
2010-10-24,1029.6,1030.6,1028.6,1029.8,1046000
2010-10-25,1029.7,1030.7,1028.7,1029.9,1047000
2010-10-26,1029.8,1030.8,1028.8,1030.0,1048000
2010-10-27,1029.9,1030.9,1028.9,1030.1000000000001,1049000
2010-10-28,1030.0,1031.0,1029.0,1030.2,1000000
2010-10-29,1030.1,1031.1,1029.1,1030.3,1001000
2010-10-30,1030.2,1031.2,1029.2,1030.4,1002000
2010-10-31,1030.3,1031.3,1029.3,1030.5,1003000
2010-11-01,1030.4,1031.4,1029.4,1030.6000000000001,1004000
2010-11-02,1030.5,1031.5,1029.5,1030.7,1005000
2010-11-03,1030.6,1031.6,1029.6,1030.8,1006000
2010-11-04,1030.7,1031.7,1029.7,1030.9,1007000
2010-11-05,1030.8,1031.8,1029.8,1031.0,1008000
2010-11-06,1030.9,1031.9,1029.9,1031.1000000000001,1009000
2010-11-07,1031.0,1032.0,1030.0,1031.2,1010000
2010-11-08,1031.1,1032.1,1030.1,1031.3,1011000
2010-11-09,1031.2,1032.2,1030.2,1031.4,1012000
2010-11-10,1031.3,1032.3,1030.3,1031.5,1013000
2010-11-11,1031.4,1032.4,1030.4,1031.6000000000001,1014000
2010-11-12,1031.5,1032.5,1030.5,1031.7,1015000
2010-11-13,1031.6,1032.6,1030.6,1031.8,1016000
2010-11-14,1031.7,1032.7,1030.7,1031.9,1017000
2010-11-15,1031.8,1032.8,1030.8,1032.0,1018000
2010-11-16,1031.9,1032.9,1030.9,1032.1000000000001,1019000
2010-11-17,1032.0,1033.0,1031.0,1032.2,1020000
2010-11-18,1032.1,1033.1,1031.1,1032.3,1021000
2010-11-19,1032.2,1033.2,1031.2,1032.4,1022000
2010-11-20,1032.3,1033.3,1031.3,1032.5,1023000
2010-11-21,1032.4,1033.4,1031.4,1032.6000000000001,1024000
2010-11-22,1032.5,1033.5,1031.5,1032.7,1025000
2010-11-23,1032.6,1033.6,1031.6,1032.8,1026000
2010-11-24,1032.7,1033.7,1031.7,1032.9,1027000
2010-11-25,1032.8,1033.8,1031.8,1033.0,1028000
2010-11-26,1032.9,1033.9,1031.9,1033.1000000000001,1029000
2010-11-27,1033.0,1034.0,1032.0,1033.2,1030000
2010-11-28,1033.1,1034.1,1032.1,1033.3,1031000
2010-11-29,1033.2,1034.2,1032.2,1033.4,1032000
2010-11-30,1033.3,1034.3,1032.3,1033.5,1033000
2010-12-01,1033.4,1034.4,1032.4,1033.6000000000001,1034000
2010-12-02,1033.5,1034.5,1032.5,1033.7,1035000
2010-12-03,1033.6,1034.6,1032.6,1033.8,1036000
2010-12-04,1033.7,1034.7,1032.7,1033.9,1037000
2010-12-05,1033.8,1034.8,1032.8,1034.0,1038000
2010-12-06,1033.9,1034.9,1032.9,1034.1000000000001,1039000
2010-12-07,1034.0,1035.0,1033.0,1034.2,1040000
2010-12-08,1034.1,1035.1,1033.1,1034.3,1041000
2010-12-09,1034.2,1035.2,1033.2,1034.4,1042000
2010-12-10,1034.3,1035.3,1033.3,1034.5,1043000
2010-12-11,1034.4,1035.4,1033.4,1034.6000000000001,1044000
2010-12-12,1034.5,1035.5,1033.5,1034.7,1045000
2010-12-13,1034.6,1035.6,1033.6,1034.8,1046000
2010-12-14,1034.7,1035.7,1033.7,1034.9,1047000
2010-12-15,1034.8,1035.8,1033.8,1035.0,1048000
2010-12-16,1034.9,1035.9,1033.9,1035.1000000000001,1049000
2010-12-17,1035.0,1036.0,1034.0,1035.2,1000000
2010-12-18,1035.1,1036.1,1034.1,1035.3,1001000
2010-12-19,1035.2,1036.2,1034.2,1035.4,1002000
2010-12-20,1035.3,1036.3,1034.3,1035.5,1003000
2010-12-21,1035.4,1036.4,1034.4,1035.6000000000001,1004000
2010-12-22,1035.5,1036.5,1034.5,1035.7,1005000
2010-12-23,1035.6,1036.6,1034.6,1035.8,1006000
2010-12-24,1035.7,1036.7,1034.7,1035.9,1007000
2010-12-25,1035.8,1036.8,1034.8,1036.0,1008000
2010-12-26,1035.9,1036.9,1034.9,1036.1000000000001,1009000
2010-12-27,1036.0,1037.0,1035.0,1036.2,1010000
2010-12-28,1036.1,1037.1,1035.1,1036.3,1011000
2010-12-29,1036.2,1037.2,1035.2,1036.4,1012000
2010-12-30,1036.3,1037.3,1035.3,1036.5,1013000
2010-12-31,1036.4,1037.4,1035.4,1036.6000000000001,1014000
2011-01-01,1036.5,1037.5,1035.5,1036.7,1015000
2011-01-02,1036.6,1037.6,1035.6,1036.8,1016000
2011-01-03,1036.7,1037.7,1035.7,1036.9,1017000
2011-01-04,1036.8,1037.8,1035.8,1037.0,1018000
2011-01-05,1036.9,1037.9,1035.9,1037.1000000000001,1019000
2011-01-06,1037.0,1038.0,1036.0,1037.2,1020000
2011-01-07,1037.1,1038.1,1036.1,1037.3,1021000
2011-01-08,1037.2,1038.2,1036.2,1037.4,1022000
2011-01-09,1037.3,1038.3,1036.3,1037.5,1023000
2011-01-10,1037.4,1038.4,1036.4,1037.6000000000001,1024000
2011-01-11,1037.5,1038.5,1036.5,1037.7,1025000
2011-01-12,1037.6,1038.6,1036.6,1037.8,1026000
2011-01-13,1037.7,1038.7,1036.7,1037.9,1027000
2011-01-14,1037.8,1038.8,1036.8,1038.0,1028000
2011-01-15,1037.9,1038.9,1036.9,1038.1000000000001,1029000
2011-01-16,1038.0,1039.0,1037.0,1038.2,1030000
2011-01-17,1038.1,1039.1,1037.1,1038.3,1031000
2011-01-18,1038.2,1039.2,1037.2,1038.4,1032000
2011-01-19,1038.3,1039.3,1037.3,1038.5,1033000
2011-01-20,1038.4,1039.4,1037.4,1038.6000000000001,1034000
2011-01-21,1038.5,1039.5,1037.5,1038.7,1035000
2011-01-22,1038.6,1039.6,1037.6,1038.8,1036000
2011-01-23,1038.7,1039.7,1037.7,1038.9,1037000
2011-01-24,1038.8,1039.8,1037.8,1039.0,1038000
2011-01-25,1038.9,1039.9,1037.9,1039.1000000000001,1039000
2011-01-26,1039.0,1040.0,1038.0,1039.2,1040000
2011-01-27,1039.1,1040.1,1038.1,1039.3,1041000
2011-01-28,1039.2,1040.2,1038.2,1039.4,1042000
2011-01-29,1039.3,1040.3,1038.3,1039.5,1043000
2011-01-30,1039.4,1040.4,1038.4,1039.6000000000001,1044000
2011-01-31,1039.5,1040.5,1038.5,1039.7,1045000
2011-02-01,1039.6,1040.6,1038.6,1039.8,1046000
2011-02-02,1039.7,1040.7,1038.7,1039.9,1047000
2011-02-03,1039.8,1040.8,1038.8,1040.0,1048000
2011-02-04,1039.9,1040.9,1038.9,1040.1000000000001,1049000
2011-02-05,1040.0,1041.0,1039.0,1040.2,1000000
2011-02-06,1040.1,1041.1,1039.1,1040.3,1001000
2011-02-07,1040.2,1041.2,1039.2,1040.4,1002000
2011-02-08,1040.3,1041.3,1039.3,1040.5,1003000
2011-02-09,1040.4,1041.4,1039.4,1040.6000000000001,1004000
2011-02-10,1040.5,1041.5,1039.5,1040.7,1005000
2011-02-11,1040.6,1041.6,1039.6,1040.8,1006000
2011-02-12,1040.7,1041.7,1039.7,1040.9,1007000
2011-02-13,1040.8,1041.8,1039.8,1041.0,1008000
2011-02-14,1040.9,1041.9,1039.9,1041.1000000000001,1009000
2011-02-15,1041.0,1042.0,1040.0,1041.2,1010000
2011-02-16,1041.1,1042.1,1040.1,1041.3,1011000
2011-02-17,1041.2,1042.2,1040.2,1041.4,1012000
2011-02-18,1041.3,1042.3,1040.3,1041.5,1013000
2011-02-19,1041.4,1042.4,1040.4,1041.6000000000001,1014000
2011-02-20,1041.5,1042.5,1040.5,1041.7,1015000
2011-02-21,1041.6,1042.6,1040.6,1041.8,1016000
2011-02-22,1041.7,1042.7,1040.7,1041.9,1017000
2011-02-23,1041.8,1042.8,1040.8,1042.0,1018000
2011-02-24,1041.9,1042.9,1040.9,1042.1000000000001,1019000
2011-02-25,1042.0,1043.0,1041.0,1042.2,1020000
2011-02-26,1042.1,1043.1,1041.1,1042.3,1021000
2011-02-27,1042.2,1043.2,1041.2,1042.4,1022000
2011-02-28,1042.3,1043.3,1041.3,1042.5,1023000
2011-03-01,1042.4,1043.4,1041.4,1042.6000000000001,1024000
2011-03-02,1042.5,1043.5,1041.5,1042.7,1025000
2011-03-03,1042.6,1043.6,1041.6,1042.8,1026000
2011-03-04,1042.7,1043.7,1041.7,1042.9,1027000
2011-03-05,1042.8,1043.8,1041.8,1043.0,1028000
2011-03-06,1042.9,1043.9,1041.9,1043.1000000000001,1029000
2011-03-07,1043.0,1044.0,1042.0,1043.2,1030000
2011-03-08,1043.1,1044.1,1042.1,1043.3,1031000
2011-03-09,1043.2,1044.2,1042.2,1043.4,1032000
2011-03-10,1043.3,1044.3,1042.3,1043.5,1033000
2011-03-11,1043.4,1044.4,1042.4,1043.6000000000001,1034000
2011-03-12,1043.5,1044.5,1042.5,1043.7,1035000
2011-03-13,1043.6,1044.6,1042.6,1043.8,1036000
2011-03-14,1043.7,1044.7,1042.7,1043.9,1037000
2011-03-15,1043.8,1044.8,1042.8,1044.0,1038000
2011-03-16,1043.9,1044.9,1042.9,1044.1000000000001,1039000
2011-03-17,1044.0,1045.0,1043.0,1044.2,1040000
2011-03-18,1044.1,1045.1,1043.1,1044.3,1041000
2011-03-19,1044.2,1045.2,1043.2,1044.4,1042000
2011-03-20,1044.3,1045.3,1043.3,1044.5,1043000
2011-03-21,1044.4,1045.4,1043.4,1044.6000000000001,1044000
2011-03-22,1044.5,1045.5,1043.5,1044.7,1045000
2011-03-23,1044.6,1045.6,1043.6,1044.8,1046000
2011-03-24,1044.7,1045.7,1043.7,1044.9,1047000
2011-03-25,1044.8,1045.8,1043.8,1045.0,1048000
2011-03-26,1044.9,1045.9,1043.9,1045.1000000000001,1049000
2011-03-27,1045.0,1046.0,1044.0,1045.2,1000000
2011-03-28,1045.1,1046.1,1044.1,1045.3,1001000
2011-03-29,1045.2,1046.2,1044.2,1045.4,1002000
2011-03-30,1045.3,1046.3,1044.3,1045.5,1003000
2011-03-31,1045.4,1046.4,1044.4,1045.6000000000001,1004000
2011-04-01,1045.5,1046.5,1044.5,1045.7,1005000
2011-04-02,1045.6,1046.6,1044.6,1045.8,1006000
2011-04-03,1045.7,1046.7,1044.7,1045.9,1007000
2011-04-04,1045.8,1046.8,1044.8,1046.0,1008000
2011-04-05,1045.9,1046.9,1044.9,1046.1000000000001,1009000
2011-04-06,1046.0,1047.0,1045.0,1046.2,1010000
2011-04-07,1046.1,1047.1,1045.1,1046.3,1011000
2011-04-08,1046.2,1047.2,1045.2,1046.4,1012000
2011-04-09,1046.3,1047.3,1045.3,1046.5,1013000
2011-04-10,1046.4,1047.4,1045.4,1046.6000000000001,1014000
2011-04-11,1046.5,1047.5,1045.5,1046.7,1015000
2011-04-12,1046.6,1047.6,1045.6,1046.8,1016000
2011-04-13,1046.7,1047.7,1045.7,1046.9,1017000
2011-04-14,1046.8,1047.8,1045.8,1047.0,1018000
2011-04-15,1046.9,1047.9,1045.9,1047.1000000000001,1019000
2011-04-16,1047.0,1048.0,1046.0,1047.2,1020000
2011-04-17,1047.1,1048.1,1046.1,1047.3,1021000
2011-04-18,1047.2,1048.2,1046.2,1047.4,1022000
2011-04-19,1047.3,1048.3,1046.3,1047.5,1023000
2011-04-20,1047.4,1048.4,1046.4,1047.6000000000001,1024000
2011-04-21,1047.5,1048.5,1046.5,1047.7,1025000
2011-04-22,1047.6,1048.6,1046.6,1047.8,1026000
2011-04-23,1047.7,1048.7,1046.7,1047.9,1027000
2011-04-24,1047.8,1048.8,1046.8,1048.0,1028000
2011-04-25,1047.9,1048.9,1046.9,1048.1000000000001,1029000
2011-04-26,1048.0,1049.0,1047.0,1048.2,1030000
2011-04-27,1048.1,1049.1,1047.1,1048.3,1031000
2011-04-28,1048.2,1049.2,1047.2,1048.4,1032000
2011-04-29,1048.3,1049.3,1047.3,1048.5,1033000
2011-04-30,1048.4,1049.4,1047.4,1048.6000000000001,1034000
2011-05-01,1048.5,1049.5,1047.5,1048.7,1035000
2011-05-02,1048.6,1049.6,1047.6,1048.8,1036000
2011-05-03,1048.7,1049.7,1047.7,1048.9,1037000
2011-05-04,1048.8,1049.8,1047.8,1049.0,1038000
2011-05-05,1048.9,1049.9,1047.9,1049.1000000000001,1039000
2011-05-06,1049.0,1050.0,1048.0,1049.2,1040000
2011-05-07,1049.1,1050.1,1048.1,1049.3,1041000
2011-05-08,1049.2,1050.2,1048.2,1049.4,1042000
2011-05-09,1049.3,1050.3,1048.3,1049.5,1043000
2011-05-10,1049.4,1050.4,1048.4,1049.6000000000001,1044000
2011-05-11,1049.5,1050.5,1048.5,1049.7,1045000
2011-05-12,1049.6,1050.6,1048.6,1049.8,1046000
2011-05-13,1049.7,1050.7,1048.7,1049.9,1047000
2011-05-14,1049.8,1050.8,1048.8,1050.0,1048000
2011-05-15,1049.9,1050.9,1048.9,1050.1000000000001,1049000
2011-05-16,1050.0,1051.0,1049.0,1050.2,1000000
2011-05-17,1050.1,1051.1,1049.1,1050.3,1001000
2011-05-18,1050.2,1051.2,1049.2,1050.4,1002000
2011-05-19,1050.3,1051.3,1049.3,1050.5,1003000
2011-05-20,1050.4,1051.4,1049.4,1050.6000000000001,1004000
2011-05-21,1050.5,1051.5,1049.5,1050.7,1005000
2011-05-22,1050.6,1051.6,1049.6,1050.8,1006000
2011-05-23,1050.7,1051.7,1049.7,1050.9,1007000
2011-05-24,1050.8,1051.8,1049.8,1051.0,1008000
2011-05-25,1050.9,1051.9,1049.9,1051.1000000000001,1009000
2011-05-26,1051.0,1052.0,1050.0,1051.2,1010000
2011-05-27,1051.1,1052.1,1050.1,1051.3,1011000
2011-05-28,1051.2,1052.2,1050.2,1051.4,1012000
2011-05-29,1051.3,1052.3,1050.3,1051.5,1013000
2011-05-30,1051.4,1052.4,1050.4,1051.6000000000001,1014000
2011-05-31,1051.5,1052.5,1050.5,1051.7,1015000
2011-06-01,1051.6,1052.6,1050.6,1051.8,1016000
2011-06-02,1051.7,1052.7,1050.7,1051.9,1017000
2011-06-03,1051.8,1052.8,1050.8,1052.0,1018000
2011-06-04,1051.9,1052.9,1050.9,1052.1000000000001,1019000
2011-06-05,1052.0,1053.0,1051.0,1052.2,1020000
2011-06-06,1052.1,1053.1,1051.1,1052.3,1021000
2011-06-07,1052.2,1053.2,1051.2,1052.4,1022000
2011-06-08,1052.3,1053.3,1051.3,1052.5,1023000
2011-06-09,1052.4,1053.4,1051.4,1052.6000000000001,1024000
2011-06-10,1052.5,1053.5,1051.5,1052.7,1025000
2011-06-11,1052.6,1053.6,1051.6,1052.8,1026000
2011-06-12,1052.7,1053.7,1051.7,1052.9,1027000
2011-06-13,1052.8,1053.8,1051.8,1053.0,1028000
2011-06-14,1052.9,1053.9,1051.9,1053.1000000000001,1029000
2011-06-15,1053.0,1054.0,1052.0,1053.2,1030000
2011-06-16,1053.1,1054.1,1052.1,1053.3,1031000
2011-06-17,1053.2,1054.2,1052.2,1053.4,1032000
2011-06-18,1053.3,1054.3,1052.3,1053.5,1033000
2011-06-19,1053.4,1054.4,1052.4,1053.6000000000001,1034000
2011-06-20,1053.5,1054.5,1052.5,1053.7,1035000
2011-06-21,1053.6,1054.6,1052.6,1053.8,1036000
2011-06-22,1053.7,1054.7,1052.7,1053.9,1037000
2011-06-23,1053.8,1054.8,1052.8,1054.0,1038000
2011-06-24,1053.9,1054.9,1052.9,1054.1000000000001,1039000
2011-06-25,1054.0,1055.0,1053.0,1054.2,1040000
2011-06-26,1054.1,1055.1,1053.1,1054.3,1041000
2011-06-27,1054.2,1055.2,1053.2,1054.4,1042000
2011-06-28,1054.3,1055.3,1053.3,1054.5,1043000
2011-06-29,1054.4,1055.4,1053.4,1054.6000000000001,1044000
2011-06-30,1054.5,1055.5,1053.5,1054.7,1045000
2011-07-01,1054.6,1055.6,1053.6,1054.8,1046000
2011-07-02,1054.7,1055.7,1053.7,1054.9,1047000
2011-07-03,1054.8,1055.8,1053.8,1055.0,1048000
2011-07-04,1054.9,1055.9,1053.9,1055.1000000000001,1049000
2011-07-05,1055.0,1056.0,1054.0,1055.2,1000000
2011-07-06,1055.1,1056.1,1054.1,1055.3,1001000
2011-07-07,1055.2,1056.2,1054.2,1055.4,1002000
2011-07-08,1055.3,1056.3,1054.3,1055.5,1003000
2011-07-09,1055.4,1056.4,1054.4,1055.6000000000001,1004000
2011-07-10,1055.5,1056.5,1054.5,1055.7,1005000
2011-07-11,1055.6,1056.6,1054.6,1055.8,1006000
2011-07-12,1055.7,1056.7,1054.7,1055.9,1007000
2011-07-13,1055.8,1056.8,1054.8,1056.0,1008000
2011-07-14,1055.9,1056.9,1054.9,1056.1000000000001,1009000
2011-07-15,1056.0,1057.0,1055.0,1056.2,1010000
2011-07-16,1056.1,1057.1,1055.1,1056.3,1011000
2011-07-17,1056.2,1057.2,1055.2,1056.4,1012000
2011-07-18,1056.3,1057.3,1055.3,1056.5,1013000
2011-07-19,1056.4,1057.4,1055.4,1056.6000000000001,1014000
2011-07-20,1056.5,1057.5,1055.5,1056.7,1015000
2011-07-21,1056.6,1057.6,1055.6,1056.8,1016000
2011-07-22,1056.7,1057.7,1055.7,1056.9,1017000
2011-07-23,1056.8,1057.8,1055.8,1057.0,1018000
2011-07-24,1056.9,1057.9,1055.9,1057.1000000000001,1019000
2011-07-25,1057.0,1058.0,1056.0,1057.2,1020000
2011-07-26,1057.1,1058.1,1056.1,1057.3,1021000
2011-07-27,1057.2,1058.2,1056.2,1057.4,1022000
2011-07-28,1057.3,1058.3,1056.3,1057.5,1023000
2011-07-29,1057.4,1058.4,1056.4,1057.6000000000001,1024000
2011-07-30,1057.5,1058.5,1056.5,1057.7,1025000
2011-07-31,1057.6,1058.6,1056.6,1057.8,1026000
2011-08-01,1057.7,1058.7,1056.7,1057.9,1027000
2011-08-02,1057.8,1058.8,1056.8,1058.0,1028000
2011-08-03,1057.9,1058.9,1056.9,1058.1000000000001,1029000
2011-08-04,1058.0,1059.0,1057.0,1058.2,1030000
2011-08-05,1058.1,1059.1,1057.1,1058.3,1031000
2011-08-06,1058.2,1059.2,1057.2,1058.4,1032000
2011-08-07,1058.3,1059.3,1057.3,1058.5,1033000
2011-08-08,1058.4,1059.4,1057.4,1058.6000000000001,1034000
2011-08-09,1058.5,1059.5,1057.5,1058.7,1035000
2011-08-10,1058.6,1059.6,1057.6,1058.8,1036000
2011-08-11,1058.7,1059.7,1057.7,1058.9,1037000
2011-08-12,1058.8,1059.8,1057.8,1059.0,1038000
2011-08-13,1058.9,1059.9,1057.9,1059.1000000000001,1039000
2011-08-14,1059.0,1060.0,1058.0,1059.2,1040000
2011-08-15,1059.1,1060.1,1058.1,1059.3,1041000
2011-08-16,1059.2,1060.2,1058.2,1059.4,1042000
2011-08-17,1059.3,1060.3,1058.3,1059.5,1043000
2011-08-18,1059.4,1060.4,1058.4,1059.6000000000001,1044000
2011-08-19,1059.5,1060.5,1058.5,1059.7,1045000
2011-08-20,1059.6,1060.6,1058.6,1059.8,1046000
2011-08-21,1059.7,1060.7,1058.7,1059.9,1047000
2011-08-22,1059.8,1060.8,1058.8,1060.0,1048000
2011-08-23,1059.9,1060.9,1058.9,1060.1000000000001,1049000
2011-08-24,1060.0,1061.0,1059.0,1060.2,1000000
2011-08-25,1060.1,1061.1,1059.1,1060.3,1001000
2011-08-26,1060.2,1061.2,1059.2,1060.4,1002000
2011-08-27,1060.3,1061.3,1059.3,1060.5,1003000
2011-08-28,1060.4,1061.4,1059.4,1060.6000000000001,1004000
2011-08-29,1060.5,1061.5,1059.5,1060.7,1005000
2011-08-30,1060.6,1061.6,1059.6,1060.8,1006000
2011-08-31,1060.7,1061.7,1059.7,1060.9,1007000
2011-09-01,1060.8,1061.8,1059.8,1061.0,1008000
2011-09-02,1060.9,1061.9,1059.9,1061.1000000000001,1009000
2011-09-03,1061.0,1062.0,1060.0,1061.2,1010000
2011-09-04,1061.1,1062.1,1060.1,1061.3,1011000
2011-09-05,1061.2,1062.2,1060.2,1061.4,1012000
2011-09-06,1061.3,1062.3,1060.3,1061.5,1013000
2011-09-07,1061.4,1062.4,1060.4,1061.6000000000001,1014000
2011-09-08,1061.5,1062.5,1060.5,1061.7,1015000
2011-09-09,1061.6,1062.6,1060.6,1061.8,1016000
2011-09-10,1061.7,1062.7,1060.7,1061.9,1017000
2011-09-11,1061.8,1062.8,1060.8,1062.0,1018000
2011-09-12,1061.9,1062.9,1060.9,1062.1000000000001,1019000
2011-09-13,1062.0,1063.0,1061.0,1062.2,1020000
2011-09-14,1062.1,1063.1,1061.1,1062.3,1021000
2011-09-15,1062.2,1063.2,1061.2,1062.4,1022000
2011-09-16,1062.3,1063.3,1061.3,1062.5,1023000
2011-09-17,1062.4,1063.4,1061.4,1062.6000000000001,1024000
2011-09-18,1062.5,1063.5,1061.5,1062.7,1025000
2011-09-19,1062.6,1063.6,1061.6,1062.8,1026000
2011-09-20,1062.7,1063.7,1061.7,1062.9,1027000
2011-09-21,1062.8,1063.8,1061.8,1063.0,1028000
2011-09-22,1062.9,1063.9,1061.9,1063.1000000000001,1029000
2011-09-23,1063.0,1064.0,1062.0,1063.2,1030000
2011-09-24,1063.1,1064.1,1062.1,1063.3,1031000
2011-09-25,1063.2,1064.2,1062.2,1063.4,1032000
2011-09-26,1063.3,1064.3,1062.3,1063.5,1033000
2011-09-27,1063.4,1064.4,1062.4,1063.6000000000001,1034000
2011-09-28,1063.5,1064.5,1062.5,1063.7,1035000
2011-09-29,1063.6,1064.6,1062.6,1063.8,1036000
2011-09-30,1063.7,1064.7,1062.7,1063.9,1037000
2011-10-01,1063.8,1064.8,1062.8,1064.0,1038000
2011-10-02,1063.9,1064.9,1062.9,1064.1000000000001,1039000
2011-10-03,1064.0,1065.0,1063.0,1064.2,1040000
2011-10-04,1064.1,1065.1,1063.1,1064.3,1041000
2011-10-05,1064.2,1065.2,1063.2,1064.4,1042000
2011-10-06,1064.3,1065.3,1063.3,1064.5,1043000
2011-10-07,1064.4,1065.4,1063.4,1064.6000000000001,1044000
2011-10-08,1064.5,1065.5,1063.5,1064.7,1045000
2011-10-09,1064.6,1065.6,1063.6,1064.8,1046000
2011-10-10,1064.7,1065.7,1063.7,1064.9,1047000
2011-10-11,1064.8,1065.8,1063.8,1065.0,1048000
2011-10-12,1064.9,1065.9,1063.9,1065.1000000000001,1049000
2011-10-13,1065.0,1066.0,1064.0,1065.2,1000000
2011-10-14,1065.1,1066.1,1064.1,1065.3,1001000
2011-10-15,1065.2,1066.2,1064.2,1065.4,1002000
2011-10-16,1065.3,1066.3,1064.3,1065.5,1003000
2011-10-17,1065.4,1066.4,1064.4,1065.6000000000001,1004000
2011-10-18,1065.5,1066.5,1064.5,1065.7,1005000
2011-10-19,1065.6,1066.6,1064.6,1065.8,1006000
2011-10-20,1065.7,1066.7,1064.7,1065.9,1007000
2011-10-21,1065.8,1066.8,1064.8,1066.0,1008000
2011-10-22,1065.9,1066.9,1064.9,1066.1000000000001,1009000
2011-10-23,1066.0,1067.0,1065.0,1066.2,1010000
2011-10-24,1066.1,1067.1,1065.1,1066.3,1011000
2011-10-25,1066.2,1067.2,1065.2,1066.4,1012000
2011-10-26,1066.3,1067.3,1065.3,1066.5,1013000
2011-10-27,1066.4,1067.4,1065.4,1066.6000000000001,1014000
2011-10-28,1066.5,1067.5,1065.5,1066.7,1015000
2011-10-29,1066.6,1067.6,1065.6,1066.8,1016000
2011-10-30,1066.7,1067.7,1065.7,1066.9,1017000
2011-10-31,1066.8,1067.8,1065.8,1067.0,1018000
2011-11-01,1066.9,1067.9,1065.9,1067.1000000000001,1019000
2011-11-02,1067.0,1068.0,1066.0,1067.2,1020000
2011-11-03,1067.1,1068.1,1066.1,1067.3,1021000
2011-11-04,1067.2,1068.2,1066.2,1067.4,1022000
2011-11-05,1067.3,1068.3,1066.3,1067.5,1023000
2011-11-06,1067.4,1068.4,1066.4,1067.6000000000001,1024000
2011-11-07,1067.5,1068.5,1066.5,1067.7,1025000
2011-11-08,1067.6,1068.6,1066.6,1067.8,1026000
2011-11-09,1067.7,1068.7,1066.7,1067.9,1027000
2011-11-10,1067.8,1068.8,1066.8,1068.0,1028000
2011-11-11,1067.9,1068.9,1066.9,1068.1000000000001,1029000
2011-11-12,1068.0,1069.0,1067.0,1068.2,1030000
2011-11-13,1068.1,1069.1,1067.1,1068.3,1031000
2011-11-14,1068.2,1069.2,1067.2,1068.4,1032000
2011-11-15,1068.3,1069.3,1067.3,1068.5,1033000
2011-11-16,1068.4,1069.4,1067.4,1068.6000000000001,1034000
2011-11-17,1068.5,1069.5,1067.5,1068.7,1035000
2011-11-18,1068.6,1069.6,1067.6,1068.8,1036000
2011-11-19,1068.7,1069.7,1067.7,1068.9,1037000
2011-11-20,1068.8,1069.8,1067.8,1069.0,1038000
2011-11-21,1068.9,1069.9,1067.9,1069.1000000000001,1039000
2011-11-22,1069.0,1070.0,1068.0,1069.2,1040000
2011-11-23,1069.1,1070.1,1068.1,1069.3,1041000
2011-11-24,1069.2,1070.2,1068.2,1069.4,1042000
2011-11-25,1069.3,1070.3,1068.3,1069.5,1043000
2011-11-26,1069.4,1070.4,1068.4,1069.6000000000001,1044000
2011-11-27,1069.5,1070.5,1068.5,1069.7,1045000
2011-11-28,1069.6,1070.6,1068.6,1069.8,1046000
2011-11-29,1069.7,1070.7,1068.7,1069.9,1047000
2011-11-30,1069.8,1070.8,1068.8,1070.0,1048000
2011-12-01,1069.9,1070.9,1068.9,1070.1000000000001,1049000
2011-12-02,1070.0,1071.0,1069.0,1070.2,1000000
2011-12-03,1070.1,1071.1,1069.1,1070.3,1001000
2011-12-04,1070.2,1071.2,1069.2,1070.4,1002000
2011-12-05,1070.3,1071.3,1069.3,1070.5,1003000
2011-12-06,1070.4,1071.4,1069.4,1070.6000000000001,1004000
2011-12-07,1070.5,1071.5,1069.5,1070.7,1005000
2011-12-08,1070.6,1071.6,1069.6,1070.8,1006000
2011-12-09,1070.7,1071.7,1069.7,1070.9,1007000
2011-12-10,1070.8,1071.8,1069.8,1071.0,1008000
2011-12-11,1070.9,1071.9,1069.9,1071.1000000000001,1009000
2011-12-12,1071.0,1072.0,1070.0,1071.2,1010000
2011-12-13,1071.1,1072.1,1070.1,1071.3,1011000
2011-12-14,1071.2,1072.2,1070.2,1071.4,1012000
2011-12-15,1071.3,1072.3,1070.3,1071.5,1013000
2011-12-16,1071.4,1072.4,1070.4,1071.6000000000001,1014000
2011-12-17,1071.5,1072.5,1070.5,1071.7,1015000
2011-12-18,1071.6,1072.6,1070.6,1071.8,1016000
2011-12-19,1071.7,1072.7,1070.7,1071.9,1017000
2011-12-20,1071.8,1072.8,1070.8,1072.0,1018000
2011-12-21,1071.9,1072.9,1070.9,1072.1000000000001,1019000
2011-12-22,1072.0,1073.0,1071.0,1072.2,1020000
2011-12-23,1072.1,1073.1,1071.1,1072.3,1021000
2011-12-24,1072.2,1073.2,1071.2,1072.4,1022000
2011-12-25,1072.3,1073.3,1071.3,1072.5,1023000
2011-12-26,1072.4,1073.4,1071.4,1072.6000000000001,1024000
2011-12-27,1072.5,1073.5,1071.5,1072.7,1025000
2011-12-28,1072.6,1073.6,1071.6,1072.8,1026000
2011-12-29,1072.7,1073.7,1071.7,1072.9,1027000
2011-12-30,1072.8,1073.8,1071.8,1073.0,1028000
2011-12-31,1072.9,1073.9,1071.9,1073.1000000000001,1029000
2012-01-01,1073.0,1074.0,1072.0,1073.2,1030000
2012-01-02,1073.1,1074.1,1072.1,1073.3,1031000
2012-01-03,1073.2,1074.2,1072.2,1073.4,1032000
2012-01-04,1073.3,1074.3,1072.3,1073.5,1033000
2012-01-05,1073.4,1074.4,1072.4,1073.6000000000001,1034000
2012-01-06,1073.5,1074.5,1072.5,1073.7,1035000
2012-01-07,1073.6,1074.6,1072.6,1073.8,1036000
2012-01-08,1073.7,1074.7,1072.7,1073.9,1037000
2012-01-09,1073.8,1074.8,1072.8,1074.0,1038000
2012-01-10,1073.9,1074.9,1072.9,1074.1000000000001,1039000
2012-01-11,1074.0,1075.0,1073.0,1074.2,1040000
2012-01-12,1074.1,1075.1,1073.1,1074.3,1041000
2012-01-13,1074.2,1075.2,1073.2,1074.4,1042000
2012-01-14,1074.3,1075.3,1073.3,1074.5,1043000
2012-01-15,1074.4,1075.4,1073.4,1074.6000000000001,1044000
2012-01-16,1074.5,1075.5,1073.5,1074.7,1045000
2012-01-17,1074.6,1075.6,1073.6,1074.8,1046000
2012-01-18,1074.7,1075.7,1073.7,1074.9,1047000
2012-01-19,1074.8,1075.8,1073.8,1075.0,1048000
2012-01-20,1074.9,1075.9,1073.9,1075.1000000000001,1049000
2012-01-21,1075.0,1076.0,1074.0,1075.2,1000000
2012-01-22,1075.1,1076.1,1074.1,1075.3,1001000
2012-01-23,1075.2,1076.2,1074.2,1075.4,1002000
2012-01-24,1075.3,1076.3,1074.3,1075.5,1003000
2012-01-25,1075.4,1076.4,1074.4,1075.6000000000001,1004000
2012-01-26,1075.5,1076.5,1074.5,1075.7,1005000
2012-01-27,1075.6,1076.6,1074.6,1075.8,1006000
2012-01-28,1075.7,1076.7,1074.7,1075.9,1007000
2012-01-29,1075.8,1076.8,1074.8,1076.0,1008000
2012-01-30,1075.9,1076.9,1074.9,1076.1000000000001,1009000
2012-01-31,1076.0,1077.0,1075.0,1076.2,1010000
2012-02-01,1076.1,1077.1,1075.1,1076.3,1011000
2012-02-02,1076.2,1077.2,1075.2,1076.4,1012000
2012-02-03,1076.3,1077.3,1075.3,1076.5,1013000
2012-02-04,1076.4,1077.4,1075.4,1076.6000000000001,1014000
2012-02-05,1076.5,1077.5,1075.5,1076.7,1015000
2012-02-06,1076.6,1077.6,1075.6,1076.8,1016000
2012-02-07,1076.7,1077.7,1075.7,1076.9,1017000
2012-02-08,1076.8,1077.8,1075.8,1077.0,1018000
2012-02-09,1076.9,1077.9,1075.9,1077.1000000000001,1019000
2012-02-10,1077.0,1078.0,1076.0,1077.2,1020000
2012-02-11,1077.1,1078.1,1076.1,1077.3,1021000
2012-02-12,1077.2,1078.2,1076.2,1077.4,1022000
2012-02-13,1077.3,1078.3,1076.3,1077.5,1023000
2012-02-14,1077.4,1078.4,1076.4,1077.6000000000001,1024000
2012-02-15,1077.5,1078.5,1076.5,1077.7,1025000
2012-02-16,1077.6,1078.6,1076.6,1077.8,1026000
2012-02-17,1077.7,1078.7,1076.7,1077.9,1027000
2012-02-18,1077.8,1078.8,1076.8,1078.0,1028000
2012-02-19,1077.9,1078.9,1076.9,1078.1000000000001,1029000
2012-02-20,1078.0,1079.0,1077.0,1078.2,1030000
2012-02-21,1078.1,1079.1,1077.1,1078.3,1031000
2012-02-22,1078.2,1079.2,1077.2,1078.4,1032000
2012-02-23,1078.3,1079.3,1077.3,1078.5,1033000
2012-02-24,1078.4,1079.4,1077.4,1078.6000000000001,1034000
2012-02-25,1078.5,1079.5,1077.5,1078.7,1035000
2012-02-26,1078.6,1079.6,1077.6,1078.8,1036000
2012-02-27,1078.7,1079.7,1077.7,1078.9,1037000
2012-02-28,1078.8,1079.8,1077.8,1079.0,1038000
2012-02-29,1078.9,1079.9,1077.9,1079.1000000000001,1039000
2012-03-01,1079.0,1080.0,1078.0,1079.2,1040000
2012-03-02,1079.1,1080.1,1078.1,1079.3,1041000
2012-03-03,1079.2,1080.2,1078.2,1079.4,1042000
2012-03-04,1079.3,1080.3,1078.3,1079.5,1043000
2012-03-05,1079.4,1080.4,1078.4,1079.6000000000001,1044000
2012-03-06,1079.5,1080.5,1078.5,1079.7,1045000
2012-03-07,1079.6,1080.6,1078.6,1079.8,1046000
2012-03-08,1079.7,1080.7,1078.7,1079.9,1047000
2012-03-09,1079.8,1080.8,1078.8,1080.0,1048000
2012-03-10,1079.9,1080.9,1078.9,1080.1000000000001,1049000
2012-03-11,1080.0,1081.0,1079.0,1080.2,1000000
2012-03-12,1080.1,1081.1,1079.1,1080.3,1001000
2012-03-13,1080.2,1081.2,1079.2,1080.4,1002000
2012-03-14,1080.3,1081.3,1079.3,1080.5,1003000
2012-03-15,1080.4,1081.4,1079.4,1080.6000000000001,1004000
2012-03-16,1080.5,1081.5,1079.5,1080.7,1005000
2012-03-17,1080.6,1081.6,1079.6,1080.8,1006000
2012-03-18,1080.7,1081.7,1079.7,1080.9,1007000
2012-03-19,1080.8,1081.8,1079.8,1081.0,1008000
2012-03-20,1080.9,1081.9,1079.9,1081.1000000000001,1009000
2012-03-21,1081.0,1082.0,1080.0,1081.2,1010000
2012-03-22,1081.1,1082.1,1080.1,1081.3,1011000
2012-03-23,1081.2,1082.2,1080.2,1081.4,1012000
2012-03-24,1081.3,1082.3,1080.3,1081.5,1013000
2012-03-25,1081.4,1082.4,1080.4,1081.6000000000001,1014000
2012-03-26,1081.5,1082.5,1080.5,1081.7,1015000
2012-03-27,1081.6,1082.6,1080.6,1081.8,1016000
2012-03-28,1081.7,1082.7,1080.7,1081.9,1017000
2012-03-29,1081.8,1082.8,1080.8,1082.0,1018000
2012-03-30,1081.9,1082.9,1080.9,1082.1000000000001,1019000
2012-03-31,1082.0,1083.0,1081.0,1082.2,1020000
2012-04-01,1082.1,1083.1,1081.1,1082.3,1021000
2012-04-02,1082.2,1083.2,1081.2,1082.4,1022000
2012-04-03,1082.3,1083.3,1081.3,1082.5,1023000
2012-04-04,1082.4,1083.4,1081.4,1082.6000000000001,1024000
2012-04-05,1082.5,1083.5,1081.5,1082.7,1025000
2012-04-06,1082.6,1083.6,1081.6,1082.8,1026000
2012-04-07,1082.7,1083.7,1081.7,1082.9,1027000
2012-04-08,1082.8,1083.8,1081.8,1083.0,1028000
2012-04-09,1082.9,1083.9,1081.9,1083.1000000000001,1029000
2012-04-10,1083.0,1084.0,1082.0,1083.2,1030000
2012-04-11,1083.1,1084.1,1082.1,1083.3,1031000
2012-04-12,1083.2,1084.2,1082.2,1083.4,1032000
2012-04-13,1083.3,1084.3,1082.3,1083.5,1033000
2012-04-14,1083.4,1084.4,1082.4,1083.6000000000001,1034000
2012-04-15,1083.5,1084.5,1082.5,1083.7,1035000
2012-04-16,1083.6,1084.6,1082.6,1083.8,1036000
2012-04-17,1083.7,1084.7,1082.7,1083.9,1037000
2012-04-18,1083.8,1084.8,1082.8,1084.0,1038000
2012-04-19,1083.9,1084.9,1082.9,1084.1000000000001,1039000
2012-04-20,1084.0,1085.0,1083.0,1084.2,1040000
2012-04-21,1084.1,1085.1,1083.1,1084.3,1041000
2012-04-22,1084.2,1085.2,1083.2,1084.4,1042000
2012-04-23,1084.3,1085.3,1083.3,1084.5,1043000
2012-04-24,1084.4,1085.4,1083.4,1084.6000000000001,1044000
2012-04-25,1084.5,1085.5,1083.5,1084.7,1045000
2012-04-26,1084.6,1085.6,1083.6,1084.8,1046000
2012-04-27,1084.7,1085.7,1083.7,1084.9,1047000
2012-04-28,1084.8,1085.8,1083.8,1085.0,1048000
2012-04-29,1084.9,1085.9,1083.9,1085.1000000000001,1049000
2012-04-30,1085.0,1086.0,1084.0,1085.2,1000000
2012-05-01,1085.1,1086.1,1084.1,1085.3,1001000
2012-05-02,1085.2,1086.2,1084.2,1085.4,1002000
2012-05-03,1085.3,1086.3,1084.3,1085.5,1003000
2012-05-04,1085.4,1086.4,1084.4,1085.6000000000001,1004000
2012-05-05,1085.5,1086.5,1084.5,1085.7,1005000
2012-05-06,1085.6,1086.6,1084.6,1085.8,1006000
2012-05-07,1085.7,1086.7,1084.7,1085.9,1007000
2012-05-08,1085.8,1086.8,1084.8,1086.0,1008000
2012-05-09,1085.9,1086.9,1084.9,1086.1000000000001,1009000
2012-05-10,1086.0,1087.0,1085.0,1086.2,1010000
2012-05-11,1086.1,1087.1,1085.1,1086.3,1011000
2012-05-12,1086.2,1087.2,1085.2,1086.4,1012000
2012-05-13,1086.3,1087.3,1085.3,1086.5,1013000
2012-05-14,1086.4,1087.4,1085.4,1086.6000000000001,1014000
2012-05-15,1086.5,1087.5,1085.5,1086.7,1015000
2012-05-16,1086.6,1087.6,1085.6,1086.8,1016000
2012-05-17,1086.7,1087.7,1085.7,1086.9,1017000
2012-05-18,1086.8,1087.8,1085.8,1087.0,1018000
2012-05-19,1086.9,1087.9,1085.9,1087.1000000000001,1019000
2012-05-20,1087.0,1088.0,1086.0,1087.2,1020000
2012-05-21,1087.1,1088.1,1086.1,1087.3,1021000
2012-05-22,1087.2,1088.2,1086.2,1087.4,1022000
2012-05-23,1087.3,1088.3,1086.3,1087.5,1023000
2012-05-24,1087.4,1088.4,1086.4,1087.6000000000001,1024000
2012-05-25,1087.5,1088.5,1086.5,1087.7,1025000
2012-05-26,1087.6,1088.6,1086.6,1087.8,1026000
2012-05-27,1087.7,1088.7,1086.7,1087.9,1027000
2012-05-28,1087.8,1088.8,1086.8,1088.0,1028000
2012-05-29,1087.9,1088.9,1086.9,1088.1000000000001,1029000
2012-05-30,1088.0,1089.0,1087.0,1088.2,1030000
2012-05-31,1088.1,1089.1,1087.1,1088.3,1031000
2012-06-01,1088.2,1089.2,1087.2,1088.4,1032000
2012-06-02,1088.3,1089.3,1087.3,1088.5,1033000
2012-06-03,1088.4,1089.4,1087.4,1088.6000000000001,1034000
2012-06-04,1088.5,1089.5,1087.5,1088.7,1035000
2012-06-05,1088.6,1089.6,1087.6,1088.8,1036000
2012-06-06,1088.7,1089.7,1087.7,1088.9,1037000
2012-06-07,1088.8,1089.8,1087.8,1089.0,1038000
2012-06-08,1088.9,1089.9,1087.9,1089.1000000000001,1039000
2012-06-09,1089.0,1090.0,1088.0,1089.2,1040000
2012-06-10,1089.1,1090.1,1088.1,1089.3,1041000
2012-06-11,1089.2,1090.2,1088.2,1089.4,1042000
2012-06-12,1089.3,1090.3,1088.3,1089.5,1043000
2012-06-13,1089.4,1090.4,1088.4,1089.6000000000001,1044000
2012-06-14,1089.5,1090.5,1088.5,1089.7,1045000
2012-06-15,1089.6,1090.6,1088.6,1089.8,1046000
2012-06-16,1089.7,1090.7,1088.7,1089.9,1047000
2012-06-17,1089.8,1090.8,1088.8,1090.0,1048000
2012-06-18,1089.9,1090.9,1088.9,1090.1000000000001,1049000
2012-06-19,1090.0,1091.0,1089.0,1090.2,1000000
2012-06-20,1090.1,1091.1,1089.1,1090.3,1001000
2012-06-21,1090.2,1091.2,1089.2,1090.4,1002000
2012-06-22,1090.3,1091.3,1089.3,1090.5,1003000
2012-06-23,1090.4,1091.4,1089.4,1090.6000000000001,1004000
2012-06-24,1090.5,1091.5,1089.5,1090.7,1005000
2012-06-25,1090.6,1091.6,1089.6,1090.8,1006000
2012-06-26,1090.7,1091.7,1089.7,1090.9,1007000
2012-06-27,1090.8,1091.8,1089.8,1091.0,1008000
2012-06-28,1090.9,1091.9,1089.9,1091.1000000000001,1009000
2012-06-29,1091.0,1092.0,1090.0,1091.2,1010000
2012-06-30,1091.1,1092.1,1090.1,1091.3,1011000
2012-07-01,1091.2,1092.2,1090.2,1091.4,1012000
2012-07-02,1091.3,1092.3,1090.3,1091.5,1013000
2012-07-03,1091.4,1092.4,1090.4,1091.6000000000001,1014000
2012-07-04,1091.5,1092.5,1090.5,1091.7,1015000
2012-07-05,1091.6,1092.6,1090.6,1091.8,1016000
2012-07-06,1091.7,1092.7,1090.7,1091.9,1017000
2012-07-07,1091.8,1092.8,1090.8,1092.0,1018000
2012-07-08,1091.9,1092.9,1090.9,1092.1000000000001,1019000
2012-07-09,1092.0,1093.0,1091.0,1092.2,1020000
2012-07-10,1092.1,1093.1,1091.1,1092.3,1021000
2012-07-11,1092.2,1093.2,1091.2,1092.4,1022000
2012-07-12,1092.3,1093.3,1091.3,1092.5,1023000
2012-07-13,1092.4,1093.4,1091.4,1092.6000000000001,1024000
2012-07-14,1092.5,1093.5,1091.5,1092.7,1025000
2012-07-15,1092.6,1093.6,1091.6,1092.8,1026000
2012-07-16,1092.7,1093.7,1091.7,1092.9,1027000
2012-07-17,1092.8,1093.8,1091.8,1093.0,1028000
2012-07-18,1092.9,1093.9,1091.9,1093.1000000000001,1029000
2012-07-19,1093.0,1094.0,1092.0,1093.2,1030000
2012-07-20,1093.1,1094.1,1092.1,1093.3,1031000
2012-07-21,1093.2,1094.2,1092.2,1093.4,1032000
2012-07-22,1093.3,1094.3,1092.3,1093.5,1033000
2012-07-23,1093.4,1094.4,1092.4,1093.6000000000001,1034000
2012-07-24,1093.5,1094.5,1092.5,1093.7,1035000
2012-07-25,1093.6,1094.6,1092.6,1093.8,1036000
2012-07-26,1093.7,1094.7,1092.7,1093.9,1037000
2012-07-27,1093.8,1094.8,1092.8,1094.0,1038000
2012-07-28,1093.9,1094.9,1092.9,1094.1000000000001,1039000
2012-07-29,1094.0,1095.0,1093.0,1094.2,1040000
2012-07-30,1094.1,1095.1,1093.1,1094.3,1041000
2012-07-31,1094.2,1095.2,1093.2,1094.4,1042000
2012-08-01,1094.3,1095.3,1093.3,1094.5,1043000
2012-08-02,1094.4,1095.4,1093.4,1094.6000000000001,1044000
2012-08-03,1094.5,1095.5,1093.5,1094.7,1045000
2012-08-04,1094.6,1095.6,1093.6,1094.8,1046000
2012-08-05,1094.7,1095.7,1093.7,1094.9,1047000
2012-08-06,1094.8,1095.8,1093.8,1095.0,1048000
2012-08-07,1094.9,1095.9,1093.9,1095.1000000000001,1049000
2012-08-08,1095.0,1096.0,1094.0,1095.2,1000000
2012-08-09,1095.1,1096.1,1094.1,1095.3,1001000
2012-08-10,1095.2,1096.2,1094.2,1095.4,1002000
2012-08-11,1095.3,1096.3,1094.3,1095.5,1003000
2012-08-12,1095.4,1096.4,1094.4,1095.6000000000001,1004000
2012-08-13,1095.5,1096.5,1094.5,1095.7,1005000
2012-08-14,1095.6,1096.6,1094.6,1095.8,1006000
2012-08-15,1095.7,1096.7,1094.7,1095.9,1007000
2012-08-16,1095.8,1096.8,1094.8,1096.0,1008000
2012-08-17,1095.9,1096.9,1094.9,1096.1000000000001,1009000
2012-08-18,1096.0,1097.0,1095.0,1096.2,1010000
2012-08-19,1096.1,1097.1,1095.1,1096.3,1011000
2012-08-20,1096.2,1097.2,1095.2,1096.4,1012000
2012-08-21,1096.3,1097.3,1095.3,1096.5,1013000
2012-08-22,1096.4,1097.4,1095.4,1096.6000000000001,1014000
2012-08-23,1096.5,1097.5,1095.5,1096.7,1015000
2012-08-24,1096.6,1097.6,1095.6,1096.8,1016000
2012-08-25,1096.7,1097.7,1095.7,1096.9,1017000
2012-08-26,1096.8,1097.8,1095.8,1097.0,1018000
2012-08-27,1096.9,1097.9,1095.9,1097.1000000000001,1019000
2012-08-28,1097.0,1098.0,1096.0,1097.2,1020000
2012-08-29,1097.1,1098.1,1096.1,1097.3,1021000
2012-08-30,1097.2,1098.2,1096.2,1097.4,1022000
2012-08-31,1097.3,1098.3,1096.3,1097.5,1023000
2012-09-01,1097.4,1098.4,1096.4,1097.6000000000001,1024000
2012-09-02,1097.5,1098.5,1096.5,1097.7,1025000
2012-09-03,1097.6,1098.6,1096.6,1097.8,1026000
2012-09-04,1097.7,1098.7,1096.7,1097.9,1027000
2012-09-05,1097.8,1098.8,1096.8,1098.0,1028000
2012-09-06,1097.9,1098.9,1096.9,1098.1000000000001,1029000
2012-09-07,1098.0,1099.0,1097.0,1098.2,1030000
2012-09-08,1098.1,1099.1,1097.1,1098.3,1031000
2012-09-09,1098.2,1099.2,1097.2,1098.4,1032000
2012-09-10,1098.3,1099.3,1097.3,1098.5,1033000
2012-09-11,1098.4,1099.4,1097.4,1098.6000000000001,1034000
2012-09-12,1098.5,1099.5,1097.5,1098.7,1035000
2012-09-13,1098.6,1099.6,1097.6,1098.8,1036000
2012-09-14,1098.7,1099.7,1097.7,1098.9,1037000
2012-09-15,1098.8,1099.8,1097.8,1099.0,1038000
2012-09-16,1098.9,1099.9,1097.9,1099.1000000000001,1039000
2012-09-17,1099.0,1100.0,1098.0,1099.2,1040000
2012-09-18,1099.1,1100.1,1098.1,1099.3,1041000
2012-09-19,1099.2,1100.2,1098.2,1099.4,1042000
2012-09-20,1099.3,1100.3,1098.3,1099.5,1043000
2012-09-21,1099.4,1100.4,1098.4,1099.6000000000001,1044000
2012-09-22,1099.5,1100.5,1098.5,1099.7,1045000
2012-09-23,1099.6,1100.6,1098.6,1099.8,1046000
2012-09-24,1099.7,1100.7,1098.7,1099.9,1047000
2012-09-25,1099.8,1100.8,1098.8,1100.0,1048000
2012-09-26,1099.9,1100.9,1098.9,1100.1000000000001,1049000
2012-09-27,1100.0,1101.0,1099.0,1100.2,1000000
2012-09-28,1100.1,1101.1,1099.1,1100.3,1001000
2012-09-29,1100.2,1101.2,1099.2,1100.4,1002000
2012-09-30,1100.3,1101.3,1099.3,1100.5,1003000
2012-10-01,1100.4,1101.4,1099.4,1100.6000000000001,1004000
2012-10-02,1100.5,1101.5,1099.5,1100.7,1005000
2012-10-03,1100.6,1101.6,1099.6,1100.8,1006000
2012-10-04,1100.7,1101.7,1099.7,1100.9,1007000
2012-10-05,1100.8,1101.8,1099.8,1101.0,1008000
2012-10-06,1100.9,1101.9,1099.9,1101.1000000000001,1009000
2012-10-07,1101.0,1102.0,1100.0,1101.2,1010000
2012-10-08,1101.1,1102.1,1100.1,1101.3,1011000
2012-10-09,1101.2,1102.2,1100.2,1101.4,1012000
2012-10-10,1101.3,1102.3,1100.3,1101.5,1013000
2012-10-11,1101.4,1102.4,1100.4,1101.6000000000001,1014000
2012-10-12,1101.5,1102.5,1100.5,1101.7,1015000
2012-10-13,1101.6,1102.6,1100.6,1101.8,1016000
2012-10-14,1101.7,1102.7,1100.7,1101.9,1017000
2012-10-15,1101.8,1102.8,1100.8,1102.0,1018000
2012-10-16,1101.9,1102.9,1100.9,1102.1000000000001,1019000
2012-10-17,1102.0,1103.0,1101.0,1102.2,1020000
2012-10-18,1102.1,1103.1,1101.1,1102.3,1021000
2012-10-19,1102.2,1103.2,1101.2,1102.4,1022000
2012-10-20,1102.3,1103.3,1101.3,1102.5,1023000
2012-10-21,1102.4,1103.4,1101.4,1102.6000000000001,1024000
2012-10-22,1102.5,1103.5,1101.5,1102.7,1025000
2012-10-23,1102.6,1103.6,1101.6,1102.8,1026000
2012-10-24,1102.7,1103.7,1101.7,1102.9,1027000
2012-10-25,1102.8,1103.8,1101.8,1103.0,1028000
2012-10-26,1102.9,1103.9,1101.9,1103.1000000000001,1029000
2012-10-27,1103.0,1104.0,1102.0,1103.2,1030000
2012-10-28,1103.1,1104.1,1102.1,1103.3,1031000
2012-10-29,1103.2,1104.2,1102.2,1103.4,1032000
2012-10-30,1103.3,1104.3,1102.3,1103.5,1033000
2012-10-31,1103.4,1104.4,1102.4,1103.6000000000001,1034000
2012-11-01,1103.5,1104.5,1102.5,1103.7,1035000
2012-11-02,1103.6,1104.6,1102.6,1103.8,1036000
2012-11-03,1103.7,1104.7,1102.7,1103.9,1037000
2012-11-04,1103.8,1104.8,1102.8,1104.0,1038000
2012-11-05,1103.9,1104.9,1102.9,1104.1000000000001,1039000
2012-11-06,1104.0,1105.0,1103.0,1104.2,1040000
2012-11-07,1104.1,1105.1,1103.1,1104.3,1041000
2012-11-08,1104.2,1105.2,1103.2,1104.4,1042000
2012-11-09,1104.3,1105.3,1103.3,1104.5,1043000
2012-11-10,1104.4,1105.4,1103.4,1104.6000000000001,1044000
2012-11-11,1104.5,1105.5,1103.5,1104.7,1045000
2012-11-12,1104.6,1105.6,1103.6,1104.8,1046000
2012-11-13,1104.7,1105.7,1103.7,1104.9,1047000
2012-11-14,1104.8,1105.8,1103.8,1105.0,1048000
2012-11-15,1104.9,1105.9,1103.9,1105.1000000000001,1049000
2012-11-16,1105.0,1106.0,1104.0,1105.2,1000000
2012-11-17,1105.1,1106.1,1104.1,1105.3,1001000
2012-11-18,1105.2,1106.2,1104.2,1105.4,1002000
2012-11-19,1105.3,1106.3,1104.3,1105.5,1003000
2012-11-20,1105.4,1106.4,1104.4,1105.6000000000001,1004000
2012-11-21,1105.5,1106.5,1104.5,1105.7,1005000
2012-11-22,1105.6,1106.6,1104.6,1105.8,1006000
2012-11-23,1105.7,1106.7,1104.7,1105.9,1007000
2012-11-24,1105.8,1106.8,1104.8,1106.0,1008000
2012-11-25,1105.9,1106.9,1104.9,1106.1000000000001,1009000
2012-11-26,1106.0,1107.0,1105.0,1106.2,1010000
2012-11-27,1106.1,1107.1,1105.1,1106.3,1011000
2012-11-28,1106.2,1107.2,1105.2,1106.4,1012000
2012-11-29,1106.3,1107.3,1105.3,1106.5,1013000
2012-11-30,1106.4,1107.4,1105.4,1106.6000000000001,1014000
2012-12-01,1106.5,1107.5,1105.5,1106.7,1015000
2012-12-02,1106.6,1107.6,1105.6,1106.8,1016000
2012-12-03,1106.7,1107.7,1105.7,1106.9,1017000
2012-12-04,1106.8,1107.8,1105.8,1107.0,1018000
2012-12-05,1106.9,1107.9,1105.9,1107.1000000000001,1019000
2012-12-06,1107.0,1108.0,1106.0,1107.2,1020000
2012-12-07,1107.1,1108.1,1106.1,1107.3,1021000
2012-12-08,1107.2,1108.2,1106.2,1107.4,1022000
2012-12-09,1107.3,1108.3,1106.3,1107.5,1023000
2012-12-10,1107.4,1108.4,1106.4,1107.6000000000001,1024000
2012-12-11,1107.5,1108.5,1106.5,1107.7,1025000
2012-12-12,1107.6,1108.6,1106.6,1107.8,1026000
2012-12-13,1107.7,1108.7,1106.7,1107.9,1027000
2012-12-14,1107.8,1108.8,1106.8,1108.0,1028000
2012-12-15,1107.9,1108.9,1106.9,1108.1000000000001,1029000
2012-12-16,1108.0,1109.0,1107.0,1108.2,1030000
2012-12-17,1108.1,1109.1,1107.1,1108.3,1031000
2012-12-18,1108.2,1109.2,1107.2,1108.4,1032000
2012-12-19,1108.3,1109.3,1107.3,1108.5,1033000
2012-12-20,1108.4,1109.4,1107.4,1108.6000000000001,1034000
2012-12-21,1108.5,1109.5,1107.5,1108.7,1035000
2012-12-22,1108.6,1109.6,1107.6,1108.8,1036000
2012-12-23,1108.7,1109.7,1107.7,1108.9,1037000
2012-12-24,1108.8,1109.8,1107.8,1109.0,1038000
2012-12-25,1108.9,1109.9,1107.9,1109.1000000000001,1039000
2012-12-26,1109.0,1110.0,1108.0,1109.2,1040000
2012-12-27,1109.1,1110.1,1108.1,1109.3,1041000
2012-12-28,1109.2,1110.2,1108.2,1109.4,1042000
2012-12-29,1109.3,1110.3,1108.3,1109.5,1043000
2012-12-30,1109.4,1110.4,1108.4,1109.6000000000001,1044000
2012-12-31,1109.5,1110.5,1108.5,1109.7,1045000
2013-01-01,1109.6,1110.6,1108.6,1109.8,1046000
2013-01-02,1109.7,1110.7,1108.7,1109.9,1047000
2013-01-03,1109.8,1110.8,1108.8,1110.0,1048000
2013-01-04,1109.9,1110.9,1108.9,1110.1000000000001,1049000
2013-01-05,1110.0,1111.0,1109.0,1110.2,1000000
2013-01-06,1110.1,1111.1,1109.1,1110.3,1001000
2013-01-07,1110.2,1111.2,1109.2,1110.4,1002000
2013-01-08,1110.3,1111.3,1109.3,1110.5,1003000
2013-01-09,1110.4,1111.4,1109.4,1110.6000000000001,1004000
2013-01-10,1110.5,1111.5,1109.5,1110.7,1005000
2013-01-11,1110.6,1111.6,1109.6,1110.8,1006000
2013-01-12,1110.7,1111.7,1109.7,1110.9,1007000
2013-01-13,1110.8,1111.8,1109.8,1111.0,1008000
2013-01-14,1110.9,1111.9,1109.9,1111.1000000000001,1009000
2013-01-15,1111.0,1112.0,1110.0,1111.2,1010000
2013-01-16,1111.1,1112.1,1110.1,1111.3,1011000
2013-01-17,1111.2,1112.2,1110.2,1111.4,1012000
2013-01-18,1111.3,1112.3,1110.3,1111.5,1013000
2013-01-19,1111.4,1112.4,1110.4,1111.6000000000001,1014000
2013-01-20,1111.5,1112.5,1110.5,1111.7,1015000
2013-01-21,1111.6,1112.6,1110.6,1111.8,1016000
2013-01-22,1111.7,1112.7,1110.7,1111.9,1017000
2013-01-23,1111.8,1112.8,1110.8,1112.0,1018000
2013-01-24,1111.9,1112.9,1110.9,1112.1000000000001,1019000
2013-01-25,1112.0,1113.0,1111.0,1112.2,1020000
2013-01-26,1112.1,1113.1,1111.1,1112.3,1021000
2013-01-27,1112.2,1113.2,1111.2,1112.4,1022000
2013-01-28,1112.3,1113.3,1111.3,1112.5,1023000
2013-01-29,1112.4,1113.4,1111.4,1112.6000000000001,1024000
2013-01-30,1112.5,1113.5,1111.5,1112.7,1025000
2013-01-31,1112.6,1113.6,1111.6,1112.8,1026000
2013-02-01,1112.7,1113.7,1111.7,1112.9,1027000
2013-02-02,1112.8,1113.8,1111.8,1113.0,1028000
2013-02-03,1112.9,1113.9,1111.9,1113.1000000000001,1029000
2013-02-04,1113.0,1114.0,1112.0,1113.2,1030000
2013-02-05,1113.1,1114.1,1112.1,1113.3,1031000
2013-02-06,1113.2,1114.2,1112.2,1113.4,1032000
2013-02-07,1113.3,1114.3,1112.3,1113.5,1033000
2013-02-08,1113.4,1114.4,1112.4,1113.6000000000001,1034000
2013-02-09,1113.5,1114.5,1112.5,1113.7,1035000
2013-02-10,1113.6,1114.6,1112.6,1113.8,1036000
2013-02-11,1113.7,1114.7,1112.7,1113.9,1037000
2013-02-12,1113.8,1114.8,1112.8,1114.0,1038000
2013-02-13,1113.9,1114.9,1112.9,1114.1000000000001,1039000
2013-02-14,1114.0,1115.0,1113.0,1114.2,1040000
2013-02-15,1114.1,1115.1,1113.1,1114.3,1041000
2013-02-16,1114.2,1115.2,1113.2,1114.4,1042000
2013-02-17,1114.3,1115.3,1113.3,1114.5,1043000
2013-02-18,1114.4,1115.4,1113.4,1114.6000000000001,1044000
2013-02-19,1114.5,1115.5,1113.5,1114.7,1045000
2013-02-20,1114.6,1115.6,1113.6,1114.8,1046000
2013-02-21,1114.7,1115.7,1113.7,1114.9,1047000
2013-02-22,1114.8,1115.8,1113.8,1115.0,1048000
2013-02-23,1114.9,1115.9,1113.9,1115.1000000000001,1049000
2013-02-24,1115.0,1116.0,1114.0,1115.2,1000000
2013-02-25,1115.1,1116.1,1114.1,1115.3,1001000
2013-02-26,1115.2,1116.2,1114.2,1115.4,1002000
2013-02-27,1115.3,1116.3,1114.3,1115.5,1003000
2013-02-28,1115.4,1116.4,1114.4,1115.6000000000001,1004000
2013-03-01,1115.5,1116.5,1114.5,1115.7,1005000
2013-03-02,1115.6,1116.6,1114.6,1115.8,1006000
2013-03-03,1115.7,1116.7,1114.7,1115.9,1007000
2013-03-04,1115.8,1116.8,1114.8,1116.0,1008000
2013-03-05,1115.9,1116.9,1114.9,1116.1000000000001,1009000
2013-03-06,1116.0,1117.0,1115.0,1116.2,1010000
2013-03-07,1116.1,1117.1,1115.1,1116.3,1011000
2013-03-08,1116.2,1117.2,1115.2,1116.4,1012000
2013-03-09,1116.3,1117.3,1115.3,1116.5,1013000
2013-03-10,1116.4,1117.4,1115.4,1116.6000000000001,1014000
2013-03-11,1116.5,1117.5,1115.5,1116.7,1015000
2013-03-12,1116.6,1117.6,1115.6,1116.8,1016000
2013-03-13,1116.7,1117.7,1115.7,1116.9,1017000
2013-03-14,1116.8,1117.8,1115.8,1117.0,1018000
2013-03-15,1116.9,1117.9,1115.9,1117.1000000000001,1019000
2013-03-16,1117.0,1118.0,1116.0,1117.2,1020000
2013-03-17,1117.1,1118.1,1116.1,1117.3,1021000
2013-03-18,1117.2,1118.2,1116.2,1117.4,1022000
2013-03-19,1117.3,1118.3,1116.3,1117.5,1023000
2013-03-20,1117.4,1118.4,1116.4,1117.6000000000001,1024000
2013-03-21,1117.5,1118.5,1116.5,1117.7,1025000
2013-03-22,1117.6,1118.6,1116.6,1117.8,1026000
2013-03-23,1117.7,1118.7,1116.7,1117.9,1027000
2013-03-24,1117.8,1118.8,1116.8,1118.0,1028000
2013-03-25,1117.9,1118.9,1116.9,1118.1000000000001,1029000
2013-03-26,1118.0,1119.0,1117.0,1118.2,1030000
2013-03-27,1118.1,1119.1,1117.1,1118.3,1031000
2013-03-28,1118.2,1119.2,1117.2,1118.4,1032000
2013-03-29,1118.3,1119.3,1117.3,1118.5,1033000
2013-03-30,1118.4,1119.4,1117.4,1118.6000000000001,1034000
2013-03-31,1118.5,1119.5,1117.5,1118.7,1035000
2013-04-01,1118.6,1119.6,1117.6,1118.8,1036000
2013-04-02,1118.7,1119.7,1117.7,1118.9,1037000
2013-04-03,1118.8,1119.8,1117.8,1119.0,1038000
2013-04-04,1118.9,1119.9,1117.9,1119.1000000000001,1039000
2013-04-05,1119.0,1120.0,1118.0,1119.2,1040000
2013-04-06,1119.1,1120.1,1118.1,1119.3,1041000
2013-04-07,1119.2,1120.2,1118.2,1119.4,1042000
2013-04-08,1119.3,1120.3,1118.3,1119.5,1043000
2013-04-09,1119.4,1120.4,1118.4,1119.6000000000001,1044000
2013-04-10,1119.5,1120.5,1118.5,1119.7,1045000
2013-04-11,1119.6,1120.6,1118.6,1119.8,1046000
2013-04-12,1119.7,1120.7,1118.7,1119.9,1047000
2013-04-13,1119.8,1120.8,1118.8,1120.0,1048000
2013-04-14,1119.9,1120.9,1118.9,1120.1000000000001,1049000
